Modelo,MCC,Precisión,Recall,F1-Score,Falsos Positivos (FP),Falsos Negativos (FN),Verdaderos Positivos (TP),Verdaderos Negativos (TN)
SGDClassifier,0.33240561295922283,0.7428623899907871,0.6868008948545862,0.7022827373290467,101,39,82,225
Perceptron,0.3342911434251189,0.747317283253191,0.767337807606264,0.7415147211896822,24,80,41,302
PassiveAggressiveClassifier,0.30298731717740823,0.7277459109892646,0.7472035794183445,0.7322714026019271,39,74,47,287
BernoulliNB,0.32893225945327065,0.7374800560131701,0.7069351230425056,0.7175519676103163,84,47,74,242
