Modelo,MCC,Precisión,Recall,F1-Score,Falsos Positivos (FP),Falsos Negativos (FN),Verdaderos Positivos (TP),Verdaderos Negativos (TN)
SGDClassifier,0.25782273491710483,0.7397803052894969,0.5458612975391499,0.5609832921823881,184,19,102,142
Perceptron,0.16972372991054846,0.7582135276053813,0.378076062639821,0.32227004016011335,274,4,117,52
PassiveAggressiveClassifier,0.3083194664195225,0.7335704697986578,0.756152125279642,0.7337198438698901,30,79,42,296
BernoulliNB,0.31329846334377204,0.7322195227205606,0.6935123042505593,0.706179338728663,91,46,75,235
