Modelo,MCC,Precisión,Recall,F1-Score,Falsos Positivos (FP),Falsos Negativos (FN),Verdaderos Positivos (TP),Verdaderos Negativos (TN)
SGDClassifier,0.3540789940678396,0.7449664429530202,0.7449664429530202,0.7449664429530202,57,57,64,269
Perceptron,0.3462605657166424,0.7482942435832671,0.767337807606264,0.7477021307936647,29,75,46,297
PassiveAggressiveClassifier,0.31393661756231145,0.7308907157195466,0.7046979865771812,0.7143212026491658,82,50,71,244
BernoulliNB,0.3561035367508894,0.7474364826490106,0.7248322147651006,0.7331508276893449,76,47,74,250
